{
  "accessorise": [
    "accessorize"
  ],
  "accessorised": [
    "accessorized"
  ],
  "accessorises": [
    "accessorizes"
  ],
  "accessorising": [
    "accessorizing"
  ],
  "acclimatisation": [
    "acclimatization"
  ],
  "acclimatise": [
    "acclimatize"
  ],
  "acclimatised": [
    "acclimatized"
  ],
  "acclimatises": [
    "acclimatizes"
  ],
  "acclimatising": [
    "acclimatizing"
  ],
  "aeroplane": [
    "airplane"
  ],
  "aeroplanes": [
    "airplanes"
  ],
  "aetiology": [
    "etiology"
  ],
  "ageing": [
    "aging"
  ],
  "aggrandisement": [
    "aggrandizement"
  ],
  "agonise": [
    "agonize"
  ],
  "agonised": [
    "agonized"
  ],
  "agonises": [
    "agonizes"
  ],
  "agonising": [
    "agonizing"
  ],
  "agonisingly": [
    "agonizingly"
  ],
  "aluminium": [
    "aluminum"
  ],
  "amortisable": [
    "amortizable"
  ],
  "amortisation": [
    "amortization"
  ],
  "amortisations": [
    "amortizations"
  ],
  "amortise": [
    "amortize"
  ],
  "amortised": [
    "amortized"
  ],
  "amortises": [
    "amortizes"
  ],
  "amortising": [
    "amortizing"
  ],
  "amphitheatre": [
    "amphitheater"
  ],
  "amphitheatres": [
    "amphitheaters"
  ],
  "anaemia": [
    "anemia"
  ],
  "anaemic": [
    "anemic"
  ],
  "anaesthesia": [
    "anesthesia"
  ],
  "anaesthetic": [
    "anesthetic"
  ],
  "anaesthetics": [
    "anesthetics"
  ],
  "anaesthetise": [
    "anesthetize"
  ],
  "anaesthetised": [
    "anesthetized"
  ],
  "anaesthetises": [
    "anesthetizes"
  ],
  "anaesthetising": [
    "anesthetizing"
  ],
  "anaesthetist": [
    "anesthetist"
  ],
  "anaesthetists": [
    "anesthetists"
  ],
  "analyse": [
    "analyze"
  ],
  "analysed": [
    "analyzed"
  ],
  "analyses": [
    "analyzes"
  ],
  "analysing": [
    "analyzing"
  ],
  "anglicised": [
    "anglicized"
  ],
  "anglicises": [
    "anglicizes"
  ],
  "anglicising": [
    "anglicizing"
  ],
  "annualised": [
    "annualized"
  ],
  "antagonise": [
    "antagonize"
  ],
  "antagonised": [
    "antagonized"
  ],
  "antagonises": [
    "antagonizes"
  ],
  "antagonising": [
    "antagonizing"
  ],
  "apologise": [
    "apologize"
  ],
  "apologised": [
    "apologized"
  ],
  "apologises": [
    "apologizes"
  ],
  "apologising": [
    "apologizing"
  ],
  "appal": [
    "appall"
  ],
  "appals": [
    "appalls"
  ],
  "appetiser": [
    "appetizer"
  ],
  "appetisers": [
    "appetizers"
  ],
  "appetising": [
    "appetizing"
  ],
  "appetisingly": [
    "appetizingly"
  ],
  "arbour": [
    "arbor"
  ],
  "arbours": [
    "arbors"
  ],
  "archaeologist": [
    "archeologist"
  ],
  "archaeologists": [
    "archeologists"
  ],
  "archaeology": [
    "archeology"
  ],
  "ardour": [
    "ardor"
  ],
  "armour": [
    "armor"
  ],
  "armoured": [
    "armored"
  ],
  "armourer": [
    "armorer"
  ],
  "armourers": [
    "armorers"
  ],
  "armouries": [
    "armories"
  ],
  "armoury": [
    "armory"
  ],
  "artefact": [
    "artifact"
  ],
  "artefacts": [
    "artifacts"
  ],
  "authorises": [
    "authorizes"
  ],
  "backpedalled": [
    "backpedaled"
  ],
  "backpedalling": [
    "backpedaling"
  ],
  "baptise": [
    "baptize"
  ],
  "baptised": [
    "baptized"
  ],
  "baptises": [
    "baptizes"
  ],
  "baptising": [
    "baptizing"
  ],
  "bastardise": [
    "bastardize"
  ],
  "bastardised": [
    "bastardized"
  ],
  "bastardises": [
    "bastardizes"
  ],
  "bastardising": [
    "bastardizing"
  ],
  "bedevilled": [
    "bedeviled"
  ],
  "bedevilling": [
    "bedeviling"
  ],
  "behaviour": [
    "behavior"
  ],
  "behavioural": [
    "behavioral"
  ],
  "behaviourism": [
    "behaviorism"
  ],
  "behaviourist": [
    "behaviorist"
  ],
  "behaviourists": [
    "behaviorists"
  ],
  "behaviours": [
    "behaviors"
  ],
  "behove": [
    "behoove"
  ],
  "behoved": [
    "behooved"
  ],
  "behoves": [
    "behooves"
  ],
  "bejewelled": [
    "bejeweled"
  ],
  "belabour": [
    "belabor"
  ],
  "belaboured": [
    "belabored"
  ],
  "belabouring": [
    "belaboring"
  ],
  "belabours": [
    "belabors"
  ],
  "bevelled": [
    "beveled"
  ],
  "bowdlerise": [
    "bowdlerize"
  ],
  "bowdlerised": [
    "bowdlerized"
  ],
  "bowdlerises": [
    "bowdlerizes"
  ],
  "bowdlerising": [
    "bowdlerizing"
  ],
  "breathalysed": [
    "breathalyzed"
  ],
  "breathalysers": [
    "breathalyzers"
  ],
  "breathalyses": [
    "breathalyzes"
  ],
  "breathalysing": [
    "breathalyzing"
  ],
  "brutalise": [
    "brutalize"
  ],
  "brutalised": [
    "brutalized"
  ],
  "brutalises": [
    "brutalizes"
  ],
  "brutalising": [
    "brutalizing"
  ],
  "calibre": [
    "caliber"
  ],
  "calibres": [
    "calibers"
  ],
  "canalise": [
    "canalize"
  ],
  "canalised": [
    "canalized"
  ],
  "canalises": [
    "canalizes"
  ],
  "canalising": [
    "canalizing"
  ],
  "candour": [
    "candor"
  ],
  "cannibalise": [
    "cannibalize"
  ],
  "cannibalised": [
    "cannibalized"
  ],
  "cannibalises": [
    "cannibalizes"
  ],
  "cannibalising": [
    "cannibalizing"
  ],
  "canonise": [
    "canonize"
  ],
  "canonised": [
    "canonized"
  ],
  "canonises": [
    "canonizes"
  ],
  "canonising": [
    "canonizing"
  ],
  "capitalise": [
    "capitalize"
  ],
  "capitalised": [
    "capitalized"
  ],
  "capitalises": [
    "capitalizes"
  ],
  "capitalising": [
    "capitalizing"
  ],
  "caramelise": [
    "caramelize"
  ],
  "caramelised": [
    "caramelized"
  ],
  "caramelises": [
    "caramelizes"
  ],
  "caramelising": [
    "caramelizing"
  ],
  "carbonise": [
    "carbonize"
  ],
  "carbonised": [
    "carbonized"
  ],
  "carbonises": [
    "carbonizes"
  ],
  "carbonising": [
    "carbonizing"
  ],
  "carolled": [
    "caroled"
  ],
  "catalogued": [
    "cataloged"
  ],
  "catalogues": [
    "catalogs"
  ],
  "cataloguing": [
    "cataloging"
  ],
  "catalyse": [
    "catalyze"
  ],
  "catalysed": [
    "catalyzed"
  ],
  "catalyses": [
    "catalyzes"
  ],
  "catalysing": [
    "catalyzing"
  ],
  "categorise": [
    "categorize"
  ],
  "categorised": [
    "categorized"
  ],
  "categorises": [
    "categorizes"
  ],
  "categorising": [
    "categorizing"
  ],
  "cauterise": [
    "cauterize"
  ],
  "cauterised": [
    "cauterized"
  ],
  "cauterises": [
    "cauterizes"
  ],
  "cauterising": [
    "cauterizing"
  ],
  "cavilled": [
    "caviled"
  ],
  "cavilling": [
    "caviling"
  ],
  "centilitre": [
    "centiliter"
  ],
  "centilitres": [
    "centiliters"
  ],
  "centimetre": [
    "centimeter"
  ],
  "centimetres": [
    "centimeters"
  ],
  "centralise": [
    "centralize"
  ],
  "centralised": [
    "centralized"
  ],
  "centralises": [
    "centralizes"
  ],
  "centralising": [
    "centralizing"
  ],
  "centre": [
    "center"
  ],
  "centred": [
    "centered"
  ],
  "centrefold": [
    "centerfold"
  ],
  "centrefolds": [
    "centerfolds"
  ],
  "centrepiece": [
    "centerpiece"
  ],
  "centrepieces": [
    "centerpieces"
  ],
  "centres": [
    "centers"
  ],
  "channelled": [
    "channeled"
  ],
  "channelling": [
    "channeling"
  ],
  "characterise": [
    "characterize"
  ],
  "characterised": [
    "characterized"
  ],
  "characterises": [
    "characterizes"
  ],
  "characterising": [
    "characterizing"
  ],
  "chequebook": [
    "checkbook"
  ],
  "chequebooks": [
    "checkbooks"
  ],
  "chequered": [
    "checkered"
  ],
  "chilli": [
    "chili"
  ],
  "chiselled": [
    "chiseled"
  ],
  "chiselling": [
    "chiseling"
  ],
  "circularise": [
    "circularize"
  ],
  "circularised": [
    "circularized"
  ],
  "circularises": [
    "circularizes"
  ],
  "circularising": [
    "circularizing"
  ],
  "civilise": [
    "civilize"
  ],
  "civilised": [
    "civilized"
  ],
  "civilises": [
    "civilizes"
  ],
  "civilising": [
    "civilizing"
  ],
  "clamour": [
    "clamor"
  ],
  "clamoured": [
    "clamored"
  ],
  "clamouring": [
    "clamoring"
  ],
  "clamours": [
    "clamors"
  ],
  "clangour": [
    "clangor"
  ],
  "clarinettist": [
    "clarinetist"
  ],
  "clarinettists": [
    "clarinetists"
  ],
  "collectivise": [
    "collectivize"
  ],
  "collectivised": [
    "collectivized"
  ],
  "collectivises": [
    "collectivizes"
  ],
  "collectivising": [
    "collectivizing"
  ],
  "colonisation": [
    "colonization"
  ],
  "colonise": [
    "colonize"
  ],
  "colonised": [
    "colonized"
  ],
  "coloniser": [
    "colonizer"
  ],
  "colonisers": [
    "colonizers"
  ],
  "colonises": [
    "colonizes"
  ],
  "colonising": [
    "colonizing"
  ],
  "colour": [
    "color"
  ],
  "colourant": [
    "colorant"
  ],
  "colourants": [
    "colorants"
  ],
  "coloured": [
    "colored"
  ],
  "coloureds": [
    "coloreds"
  ],
  "colourful": [
    "colorful"
  ],
  "colourfully": [
    "colorfully"
  ],
  "colouring": [
    "coloring"
  ],
  "colourize": [
    "colorize"
  ],
  "colourized": [
    "colorized"
  ],
  "colourizes": [
    "colorizes"
  ],
  "colourizing": [
    "colorizing"
  ],
  "colourless": [
    "colorless"
  ],
  "colours": [
    "colors"
  ],
  "commercialise": [
    "commercialize"
  ],
  "commercialised": [
    "commercialized"
  ],
  "commercialises": [
    "commercializes"
  ],
  "commercialising": [
    "commercializing"
  ],
  "compartmentalise": [
    "compartmentalize"
  ],
  "compartmentalised": [
    "compartmentalized"
  ],
  "compartmentalises": [
    "compartmentalizes"
  ],
  "compartmentalising": [
    "compartmentalizing"
  ],
  "computerise": [
    "computerize"
  ],
  "computerised": [
    "computerized"
  ],
  "computerises": [
    "computerizes"
  ],
  "computerising": [
    "computerizing"
  ],
  "conceptualise": [
    "conceptualize"
  ],
  "conceptualised": [
    "conceptualized"
  ],
  "conceptualises": [
    "conceptualizes"
  ],
  "conceptualising": [
    "conceptualizing"
  ],
  "contextualise": [
    "contextualize"
  ],
  "contextualised": [
    "contextualized"
  ],
  "contextualises": [
    "contextualizes"
  ],
  "contextualising": [
    "contextualizing"
  ],
  "cosier": [
    "cozier"
  ],
  "cosies": [
    "cozies"
  ],
  "cosiest": [
    "coziest"
  ],
  "cosily": [
    "cozily"
  ],
  "cosiness": [
    "coziness"
  ],
  "cosy": [
    "cozy"
  ],
  "councillor": [
    "councilor"
  ],
  "councillors": [
    "councilors"
  ],
  "counselled": [
    "counseled"
  ],
  "counsellor": [
    "counselor"
  ],
  "counsellors": [
    "counselors"
  ],
  "criminalise": [
    "criminalize"
  ],
  "criminalised": [
    "criminalized"
  ],
  "criminalises": [
    "criminalizes"
  ],
  "criminalising": [
    "criminalizing"
  ],
  "criticise": [
    "criticize"
  ],
  "criticised": [
    "criticized"
  ],
  "criticises": [
    "criticizes"
  ],
  "criticising": [
    "criticizing"
  ],
  "crueller": [
    "crueler"
  ],
  "cruellest": [
    "cruelest"
  ],
  "crystallisation": [
    "crystallization"
  ],
  "crystallise": [
    "crystallize"
  ],
  "crystallised": [
    "crystallized"
  ],
  "crystallises": [
    "crystallizes"
  ],
  "crystallising": [
    "crystallizing"
  ],
  "cudgelled": [
    "cudgeled"
  ],
  "cudgelling": [
    "cudgeling"
  ],
  "customise": [
    "customize"
  ],
  "customised": [
    "customized"
  ],
  "customises": [
    "customizes"
  ],
  "customising": [
    "customizing"
  ],
  "decentralisation": [
    "decentralization"
  ],
  "decentralise": [
    "decentralize"
  ],
  "decentralised": [
    "decentralized"
  ],
  "decentralises": [
    "decentralizes"
  ],
  "decentralising": [
    "decentralizing"
  ],
  "decriminalisation": [
    "decriminalization"
  ],
  "decriminalise": [
    "decriminalize"
  ],
  "decriminalised": [
    "decriminalized"
  ],
  "decriminalises": [
    "decriminalizes"
  ],
  "decriminalising": [
    "decriminalizing"
  ],
  "defence": [
    "defense"
  ],
  "defenceless": [
    "defenseless"
  ],
  "defences": [
    "defenses"
  ],
  "dehumanisation": [
    "dehumanization"
  ],
  "dehumanise": [
    "dehumanize"
  ],
  "dehumanised": [
    "dehumanized"
  ],
  "dehumanises": [
    "dehumanizes"
  ],
  "dehumanising": [
    "dehumanizing"
  ],
  "demeanour": [
    "demeanor"
  ],
  "demilitarisation": [
    "demilitarization"
  ],
  "demilitarise": [
    "demilitarize"
  ],
  "demilitarised": [
    "demilitarized"
  ],
  "demilitarises": [
    "demilitarizes"
  ],
  "demilitarising": [
    "demilitarizing"
  ],
  "demobilisation": [
    "demobilization"
  ],
  "demobilise": [
    "demobilize"
  ],
  "demobilised": [
    "demobilized"
  ],
  "demobilises": [
    "demobilizes"
  ],
  "demobilising": [
    "demobilizing"
  ],
  "democratisation": [
    "democratization"
  ],
  "democratise": [
    "democratize"
  ],
  "democratised": [
    "democratized"
  ],
  "democratises": [
    "democratizes"
  ],
  "democratising": [
    "democratizing"
  ],
  "demonise": [
    "demonize"
  ],
  "demonised": [
    "demonized"
  ],
  "demonises": [
    "demonizes"
  ],
  "demonising": [
    "demonizing"
  ],
  "demoralisation": [
    "demoralization"
  ],
  "demoralise": [
    "demoralize"
  ],
  "demoralised": [
    "demoralized"
  ],
  "demoralises": [
    "demoralizes"
  ],
  "demoralising": [
    "demoralizing"
  ],
  "denationalisation": [
    "denationalization"
  ],
  "denationalise": [
    "denationalize"
  ],
  "denationalised": [
    "denationalized"
  ],
  "denationalises": [
    "denationalizes"
  ],
  "denationalising": [
    "denationalizing"
  ],
  "deodorise": [
    "deodorize"
  ],
  "deodorised": [
    "deodorized"
  ],
  "deodorises": [
    "deodorizes"
  ],
  "deodorising": [
    "deodorizing"
  ],
  "depersonalise": [
    "depersonalize"
  ],
  "depersonalised": [
    "depersonalized"
  ],
  "depersonalises": [
    "depersonalizes"
  ],
  "depersonalising": [
    "depersonalizing"
  ],
  "deputise": [
    "deputize"
  ],
  "deputised": [
    "deputized"
  ],
  "deputises": [
    "deputizes"
  ],
  "deputising": [
    "deputizing"
  ],
  "desensitisation": [
    "desensitization"
  ],
  "desensitise": [
    "desensitize"
  ],
  "desensitised": [
    "desensitized"
  ],
  "desensitises": [
    "desensitizes"
  ],
  "desensitising": [
    "desensitizing"
  ],
  "destabilise": [
    "destabilize"
  ],
  "destabilised": [
    "destabilized"
  ],
  "destabilises": [
    "destabilizes"
  ],
  "destabilising": [
    "destabilizing"
  ],
  "dialled": [
    "dialed"
  ],
  "dialling": [
    "dialing"
  ],
  "dialogues": [
    "dialogs"
  ],
  "diarrhoea": [
    "diarrhea"
  ],
  "digitise": [
    "digitize"
  ],
  "digitised": [
    "digitized"
  ],
  "digitises": [
    "digitizes"
  ],
  "digitising": [
    "digitizing"
  ],
  "discoloured": [
    "discolored"
  ],
  "discolouring": [
    "discoloring"
  ],
  "discolours": [
    "discolors"
  ],
  "disembowelled": [
    "disemboweled"
  ],
  "disembowelling": [
    "disemboweling"
  ],
  "disfavour": [
    "disfavor"
  ],
  "dishevelled": [
    "disheveled"
  ],
  "dishonour": [
    "dishonor"
  ],
  "dishonourable": [
    "dishonorable"
  ],
  "dishonourably": [
    "dishonorably"
  ],
  "dishonoured": [
    "dishonored"
  ],
  "dishonouring": [
    "dishonoring"
  ],
  "dishonours": [
    "dishonors"
  ],
  "disorganisation": [
    "disorganization"
  ],
  "disorganised": [
    "disorganized"
  ],
  "distil": [
    "distill"
  ],
  "distils": [
    "distills"
  ],
  "dramatisation": [
    "dramatization"
  ],
  "dramatisations": [
    "dramatizations"
  ],
  "dramatise": [
    "dramatize"
  ],
  "dramatised": [
    "dramatized"
  ],
  "dramatises": [
    "dramatizes"
  ],
  "dramatising": [
    "dramatizing"
  ],
  "draughty": [
    "drafty"
  ],
  "drivelled": [
    "driveled"
  ],
  "drivelling": [
    "driveling"
  ],
  "duelled": [
    "dueled"
  ],
  "duelling": [
    "dueling"
  ],
  "economise": [
    "economize"
  ],
  "economised": [
    "economized"
  ],
  "economises": [
    "economizes"
  ],
  "economising": [
    "economizing"
  ],
  "editorialise": [
    "editorialize"
  ],
  "editorialised": [
    "editorialized"
  ],
  "editorialises": [
    "editorializes"
  ],
  "editorialising": [
    "editorializing"
  ],
  "edoema": [
    "edema"
  ],
  "empathise": [
    "empathize"
  ],
  "empathised": [
    "empathized"
  ],
  "empathises": [
    "empathizes"
  ],
  "empathising": [
    "empathizing"
  ],
  "emphasise": [
    "emphasize"
  ],
  "emphasised": [
    "emphasized"
  ],
  "emphasises": [
    "emphasizes"
  ],
  "emphasising": [
    "emphasizing"
  ],
  "enamelled": [
    "enameled"
  ],
  "enamelling": [
    "enameling"
  ],
  "enamoured": [
    "enamored"
  ],
  "endeavour": [
    "endeavor"
  ],
  "endeavoured": [
    "endeavored"
  ],
  "endeavouring": [
    "endeavoring"
  ],
  "endeavours": [
    "endeavors"
  ],
  "energise": [
    "energize"
  ],
  "energised": [
    "energized"
  ],
  "energises": [
    "energizes"
  ],
  "energising": [
    "energizing"
  ],
  "enrols": [
    "enrolls"
  ],
  "enthrals": [
    "enthralls"
  ],
  "epaulette": [
    "epaulet"
  ],
  "epaulettes": [
    "epaulets"
  ],
  "epicentre": [
    "epicenter"
  ],
  "epicentres": [
    "epicenters"
  ],
  "epitomise": [
    "epitomize"
  ],
  "epitomised": [
    "epitomized"
  ],
  "epitomises": [
    "epitomizes"
  ],
  "epitomising": [
    "epitomizing"
  ],
  "equalisation": [
    "equalization"
  ],
  "equalise": [
    "equalize"
  ],
  "equalised": [
    "equalized"
  ],
  "equaliser": [
    "equalizer"
  ],
  "equalisers": [
    "equalizers"
  ],
  "equalises": [
    "equalizes"
  ],
  "equalising": [
    "equalizing"
  ],
  "eulogise": [
    "eulogize"
  ],
  "eulogised": [
    "eulogized"
  ],
  "eulogises": [
    "eulogizes"
  ],
  "eulogising": [
    "eulogizing"
  ],
  "evangelise": [
    "evangelize"
  ],
  "evangelised": [
    "evangelized"
  ],
  "evangelises": [
    "evangelizes"
  ],
  "evangelising": [
    "evangelizing"
  ],
  "extemporisation": [
    "extemporization"
  ],
  "extemporise": [
    "extemporize"
  ],
  "extemporised": [
    "extemporized"
  ],
  "extemporises": [
    "extemporizes"
  ],
  "extemporising": [
    "extemporizing"
  ],
  "externalisation": [
    "externalization"
  ],
  "externalisations": [
    "externalizations"
  ],
  "externalise": [
    "externalize"
  ],
  "externalised": [
    "externalized"
  ],
  "externalises": [
    "externalizes"
  ],
  "externalising": [
    "externalizing"
  ],
  "factorise": [
    "factorize"
  ],
  "factorised": [
    "factorized"
  ],
  "factorises": [
    "factorizes"
  ],
  "factorising": [
    "factorizing"
  ],
  "faecal": [
    "fecal"
  ],
  "faeces": [
    "feces"
  ],
  "familiarisation": [
    "familiarization"
  ],
  "familiarise": [
    "familiarize"
  ],
  "familiarised": [
    "familiarized"
  ],
  "familiarises": [
    "familiarizes"
  ],
  "familiarising": [
    "familiarizing"
  ],
  "fantasise": [
    "fantasize"
  ],
  "fantasised": [
    "fantasized"
  ],
  "fantasises": [
    "fantasizes"
  ],
  "fantasising": [
    "fantasizing"
  ],
  "favour": [
    "favor"
  ],
  "favourable": [
    "favorable"
  ],
  "favourably": [
    "favorably"
  ],
  "favoured": [
    "favored"
  ],
  "favouring": [
    "favoring"
  ],
  "favourite": [
    "favorite"
  ],
  "favourites": [
    "favorites"
  ],
  "favouritism": [
    "favoritism"
  ],
  "favours": [
    "favors"
  ],
  "feminise": [
    "feminize"
  ],
  "feminised": [
    "feminized"
  ],
  "feminises": [
    "feminizes"
  ],
  "feminising": [
    "feminizing"
  ],
  "fertilisation": [
    "fertilization"
  ],
  "fertilise": [
    "fertilize"
  ],
  "fertilised": [
    "fertilized"
  ],
  "fertiliser": [
    "fertilizer"
  ],
  "fertilisers": [
    "fertilizers"
  ],
  "fertilises": [
    "fertilizes"
  ],
  "fertilising": [
    "fertilizing"
  ],
  "fervour": [
    "fervor"
  ],
  "fibre": [
    "fiber"
  ],
  "fibreglass": [
    "fiberglass"
  ],
  "fibres": [
    "fibers"
  ],
  "fictionalisation": [
    "fictionalization"
  ],
  "fictionalisations": [
    "fictionalizations"
  ],
  "fictionalise": [
    "fictionalize"
  ],
  "fictionalised": [
    "fictionalized"
  ],
  "fictionalises": [
    "fictionalizes"
  ],
  "fictionalising": [
    "fictionalizing"
  ],
  "finalisation": [
    "finalization"
  ],
  "finalise": [
    "finalize"
  ],
  "finalised": [
    "finalized"
  ],
  "finalises": [
    "finalizes"
  ],
  "finalising": [
    "finalizing"
  ],
  "flautist": [
    "flutist"
  ],
  "flautists": [
    "flutists"
  ],
  "flavour": [
    "flavor"
  ],
  "flavoured": [
    "flavored"
  ],
  "flavouring": [
    "flavoring"
  ],
  "flavourings": [
    "flavorings"
  ],
  "flavourless": [
    "flavorless"
  ],
  "flavours": [
    "flavors"
  ],
  "flavoursome": [
    "flavorsome"
  ],
  "formalisation": [
    "formalization"
  ],
  "formalise": [
    "formalize"
  ],
  "formalised": [
    "formalized"
  ],
  "formalises": [
    "formalizes"
  ],
  "formalising": [
    "formalizing"
  ],
  "fossilisation": [
    "fossilization"
  ],
  "fossilise": [
    "fossilize"
  ],
  "fossilised": [
    "fossilized"
  ],
  "fossilises": [
    "fossilizes"
  ],
  "fossilising": [
    "fossilizing"
  ],
  "fraternisation": [
    "fraternization"
  ],
  "fraternise": [
    "fraternize"
  ],
  "fraternised": [
    "fraternized"
  ],
  "fraternises": [
    "fraternizes"
  ],
  "fraternising": [
    "fraternizing"
  ],
  "fuelled": [
    "fueled"
  ],
  "fuelling": [
    "fueling"
  ],
  "fulfil": [
    "fulfill"
  ],
  "fulfilment": [
    "fulfillment"
  ],
  "fulfils": [
    "fulfills"
  ],
  "funnelled": [
    "funneled"
  ],
  "funnelling": [
    "funneling"
  ],
  "galvanise": [
    "galvanize"
  ],
  "galvanised": [
    "galvanized"
  ],
  "galvanises": [
    "galvanizes"
  ],
  "galvanising": [
    "galvanizing"
  ],
  "gambolled": [
    "gamboled"
  ],
  "gambolling": [
    "gamboling"
  ],
  "generalisation": [
    "generalization"
  ],
  "generalisations": [
    "generalizations"
  ],
  "generalise": [
    "generalize"
  ],
  "generalised": [
    "generalized"
  ],
  "generalises": [
    "generalizes"
  ],
  "generalising": [
    "generalizing"
  ],
  "ghettoise": [
    "ghettoize"
  ],
  "ghettoised": [
    "ghettoized"
  ],
  "ghettoises": [
    "ghettoizes"
  ],
  "ghettoising": [
    "ghettoizing"
  ],
  "globalisation": [
    "globalization"
  ],
  "globalise": [
    "globalize"
  ],
  "globalised": [
    "globalized"
  ],
  "globalises": [
    "globalizes"
  ],
  "globalising": [
    "globalizing"
  ],
  "goitre": [
    "goiter"
  ],
  "goitres": [
    "goiters"
  ],
  "gonorrhoea": [
    "gonorrhea"
  ],
  "gravelled": [
    "graveled"
  ],
  "grovelled": [
    "groveled"
  ],
  "grovelling": [
    "groveling"
  ],
  "gruelling": [
    "grueling"
  ],
  "gruellingly": [
    "gruelingly"
  ],
  "gynaecological": [
    "gynecological"
  ],
  "gynaecologist": [
    "gynecologist"
  ],
  "gynaecologists": [
    "gynecologists"
  ],
  "gynaecology": [
    "gynecology"
  ],
  "haematological": [
    "hematological"
  ],
  "haematologist": [
    "hematologist"
  ],
  "haematologists": [
    "hematologists"
  ],
  "haematology": [
    "hematology"
  ],
  "haemoglobin": [
    "hemoglobin"
  ],
  "haemophilia": [
    "hemophilia"
  ],
  "haemophiliac": [
    "hemophiliac"
  ],
  "haemophiliacs": [
    "hemophiliacs"
  ],
  "haemorrhage": [
    "hemorrhage"
  ],
  "haemorrhaged": [
    "hemorrhaged"
  ],
  "haemorrhages": [
    "hemorrhages"
  ],
  "haemorrhaging": [
    "hemorrhaging"
  ],
  "haemorrhoids": [
    "hemorrhoids"
  ],
  "harbour": [
    "harbor"
  ],
  "harboured": [
    "harbored"
  ],
  "harbouring": [
    "harboring"
  ],
  "harbours": [
    "harbors"
  ],
  "harmonisation": [
    "harmonization"
  ],
  "harmonise": [
    "harmonize"
  ],
  "harmonised": [
    "harmonized"
  ],
  "harmonises": [
    "harmonizes"
  ],
  "harmonising": [
    "harmonizing"
  ],
  "homogenise": [
    "homogenize"
  ],
  "homogenised": [
    "homogenized"
  ],
  "homogenises": [
    "homogenizes"
  ],
  "homogenising": [
    "homogenizing"
  ],
  "honour": [
    "honor"
  ],
  "honourably": [
    "honorably"
  ],
  "honoured": [
    "honored"
  ],
  "honouring": [
    "honoring"
  ],
  "honours": [
    "honors"
  ],
  "hospitalisation": [
    "hospitalization"
  ],
  "hospitalise": [
    "hospitalize"
  ],
  "hospitalised": [
    "hospitalized"
  ],
  "hospitalises": [
    "hospitalizes"
  ],
  "hospitalising": [
    "hospitalizing"
  ],
  "humanise": [
    "humanize"
  ],
  "humanised": [
    "humanized"
  ],
  "humanises": [
    "humanizes"
  ],
  "humanising": [
    "humanizing"
  ],
  "humour": [
    "humor"
  ],
  "humoured": [
    "humored"
  ],
  "humouring": [
    "humoring"
  ],
  "humours": [
    "humors"
  ],
  "hybridise": [
    "hybridize"
  ],
  "hybridised": [
    "hybridized"
  ],
  "hybridises": [
    "hybridizes"
  ],
  "hybridising": [
    "hybridizing"
  ],
  "hypnotise": [
    "hypnotize"
  ],
  "hypnotised": [
    "hypnotized"
  ],
  "hypnotises": [
    "hypnotizes"
  ],
  "hypnotising": [
    "hypnotizing"
  ],
  "hypothesise": [
    "hypothesize"
  ],
  "hypothesised": [
    "hypothesized"
  ],
  "hypothesises": [
    "hypothesizes"
  ],
  "hypothesising": [
    "hypothesizing"
  ],
  "idealisation": [
    "idealization"
  ],
  "idealise": [
    "idealize"
  ],
  "idealised": [
    "idealized"
  ],
  "idealises": [
    "idealizes"
  ],
  "idealising": [
    "idealizing"
  ],
  "idolise": [
    "idolize"
  ],
  "idolised": [
    "idolized"
  ],
  "idolises": [
    "idolizes"
  ],
  "idolising": [
    "idolizing"
  ],
  "immobilisation": [
    "immobilization"
  ],
  "immobilise": [
    "immobilize"
  ],
  "immobilised": [
    "immobilized"
  ],
  "immobiliser": [
    "immobilizer"
  ],
  "immobilisers": [
    "immobilizers"
  ],
  "immobilises": [
    "immobilizes"
  ],
  "immobilising": [
    "immobilizing"
  ],
  "immortalise": [
    "immortalize"
  ],
  "immortalised": [
    "immortalized"
  ],
  "immortalises": [
    "immortalizes"
  ],
  "immortalising": [
    "immortalizing"
  ],
  "immunisation": [
    "immunization"
  ],
  "immunise": [
    "immunize"
  ],
  "immunised": [
    "immunized"
  ],
  "immunises": [
    "immunizes"
  ],
  "immunising": [
    "immunizing"
  ],
  "impanelled": [
    "impaneled"
  ],
  "impanelling": [
    "impaneling"
  ],
  "imperilled": [
    "imperiled"
  ],
  "imperilling": [
    "imperiling"
  ],
  "individualise": [
    "individualize"
  ],
  "individualised": [
    "individualized"
  ],
  "individualises": [
    "individualizes"
  ],
  "individualising": [
    "individualizing"
  ],
  "industrialise": [
    "industrialize"
  ],
  "industrialised": [
    "industrialized"
  ],
  "industrialises": [
    "industrializes"
  ],
  "industrialising": [
    "industrializing"
  ],
  "initialise": [
    "initialize"
  ],
  "initialised": [
    "initialized"
  ],
  "initialises": [
    "initializes"
  ],
  "initialising": [
    "initializing"
  ],
  "initialled": [
    "initialed"
  ],
  "initialling": [
    "initialing"
  ],
  "instalment": [
    "installment"
  ],
  "instalments": [
    "installments"
  ],
  "institutionalisation": [
    "institutionalization"
  ],
  "institutionalise": [
    "institutionalize"
  ],
  "institutionalised": [
    "institutionalized"
  ],
  "institutionalises": [
    "institutionalizes"
  ],
  "institutionalising": [
    "institutionalizing"
  ],
  "intellectualise": [
    "intellectualize"
  ],
  "intellectualised": [
    "intellectualized"
  ],
  "intellectualises": [
    "intellectualizes"
  ],
  "intellectualising": [
    "intellectualizing"
  ],
  "internalisation": [
    "internalization"
  ],
  "internalise": [
    "internalize"
  ],
  "internalised": [
    "internalized"
  ],
  "internalises": [
    "internalizes"
  ],
  "internalising": [
    "internalizing"
  ],
  "internationalisation": [
    "internationalization"
  ],
  "internationalise": [
    "internationalize"
  ],
  "internationalised": [
    "internationalized"
  ],
  "internationalises": [
    "internationalizes"
  ],
  "internationalising": [
    "internationalizing"
  ],
  "ionisation": [
    "ionization"
  ],
  "ionised": [
    "ionized"
  ],
  "ionises": [
    "ionizes"
  ],
  "ionising": [
    "ionizing"
  ],
  "italicise": [
    "italicize"
  ],
  "italicised": [
    "italicized"
  ],
  "italicises": [
    "italicizes"
  ],
  "italicising": [
    "italicizing"
  ],
  "itemise": [
    "itemize"
  ],
  "itemised": [
    "itemized"
  ],
  "itemises": [
    "itemizes"
  ],
  "itemising": [
    "itemizing"
  ],
  "jeopardise": [
    "jeopardize"
  ],
  "jeopardised": [
    "jeopardized"
  ],
  "jeopardises": [
    "jeopardizes"
  ],
  "jeopardising": [
    "jeopardizing"
  ],
  "jewelled": [
    "jeweled"
  ],
  "jeweller": [
    "jeweler"
  ],
  "jewellers": [
    "jewelers"
  ],
  "jewellery": [
    "jewelry"
  ],
  "kilometre": [
    "kilometer"
  ],
  "kilometres": [
    "kilometers"
  ],
  "labelled": [
    "labeled"
  ],
  "labelling": [
    "labeling"
  ],
  "labour": [
    "labor"
  ],
  "laboured": [
    "labored"
  ],
  "labourer": [
    "laborer"
  ],
  "labourers": [
    "laborers"
  ],
  "labouring": [
    "laboring"
  ],
  "labours": [
    "labors"
  ],
  "lacklustre": [
    "lackluster"
  ],
  "legalisation": [
    "legalization"
  ],
  "legalise": [
    "legalize"
  ],
  "legalised": [
    "legalized"
  ],
  "legalises": [
    "legalizes"
  ],
  "legalising": [
    "legalizing"
  ],
  "legitimise": [
    "legitimize"
  ],
  "legitimised": [
    "legitimized"
  ],
  "legitimises": [
    "legitimizes"
  ],
  "legitimising": [
    "legitimizing"
  ],
  "leukaemia": [
    "leukemia"
  ],
  "levelled": [
    "leveled"
  ],
  "leveller": [
    "leveler"
  ],
  "levellers": [
    "levelers"
  ],
  "levelling": [
    "leveling"
  ],
  "libelled": [
    "libeled"
  ],
  "libelling": [
    "libeling"
  ],
  "libellous": [
    "libelous"
  ],
  "liberalisation": [
    "liberalization"
  ],
  "liberalise": [
    "liberalize"
  ],
  "liberalised": [
    "liberalized"
  ],
  "liberalises": [
    "liberalizes"
  ],
  "liberalising": [
    "liberalizing"
  ],
  "lionisation": [
    "lionization"
  ],
  "lionise": [
    "lionize"
  ],
  "lionised": [
    "lionized"
  ],
  "lionises": [
    "lionizes"
  ],
  "lionising": [
    "lionizing"
  ],
  "liquidise": [
    "liquidize"
  ],
  "liquidised": [
    "liquidized"
  ],
  "liquidiser": [
    "liquidizer"
  ],
  "liquidisers": [
    "liquidizers"
  ],
  "liquidises": [
    "liquidizes"
  ],
  "liquidising": [
    "liquidizing"
  ],
  "litre": [
    "liter"
  ],
  "litres": [
    "liters"
  ],
  "localise": [
    "localize"
  ],
  "localised": [
    "localized"
  ],
  "localises": [
    "localizes"
  ],
  "localising": [
    "localizing"
  ],
  "louvre": [
    "louver"
  ],
  "louvred": [
    "louvered"
  ],
  "louvres": [
    "louvers"
  ],
  "lustre": [
    "luster"
  ],
  "magnetise": [
    "magnetize"
  ],
  "magnetised": [
    "magnetized"
  ],
  "magnetises": [
    "magnetizes"
  ],
  "magnetising": [
    "magnetizing"
  ],
  "manoeuvrability": [
    "maneuverability"
  ],
  "manoeuvrable": [
    "maneuverable"
  ],
  "manoeuvre": [
    "maneuver"
  ],
  "manoeuvred": [
    "maneuvered"
  ],
  "manoeuvres": [
    "maneuvers"
  ],
  "manoeuvring": [
    "maneuvering"
  ],
  "manoeuvrings": [
    "maneuverings"
  ],
  "marginalise": [
    "marginalize"
  ],
  "marginalised": [
    "marginalized"
  ],
  "marginalises": [
    "marginalizes"
  ],
  "marginalising": [
    "marginalizing"
  ],
  "marshalled": [
    "marshaled"
  ],
  "marshalling": [
    "marshaling"
  ],
  "marvelled": [
    "marveled"
  ],
  "marvelling": [
    "marveling"
  ],
  "marvellous": [
    "marvelous"
  ],
  "marvellously": [
    "marvelously"
  ],
  "materialisation": [
    "materialization"
  ],
  "materialise": [
    "materialize"
  ],
  "materialised": [
    "materialized"
  ],
  "materialises": [
    "materializes"
  ],
  "materialising": [
    "materializing"
  ],
  "maximisation": [
    "maximization"
  ],
  "maximise": [
    "maximize"
  ],
  "maximised": [
    "maximized"
  ],
  "maximises": [
    "maximizes"
  ],
  "maximising": [
    "maximizing"
  ],
  "meagre": [
    "meager"
  ],
  "mechanisation": [
    "mechanization"
  ],
  "mechanise": [
    "mechanize"
  ],
  "mechanised": [
    "mechanized"
  ],
  "mechanises": [
    "mechanizes"
  ],
  "mechanising": [
    "mechanizing"
  ],
  "memorialise": [
    "memorialize"
  ],
  "memorialised": [
    "memorialized"
  ],
  "memorialises": [
    "memorializes"
  ],
  "memorialising": [
    "memorializing"
  ],
  "memorise": [
    "memorize"
  ],
  "memorised": [
    "memorized"
  ],
  "memorises": [
    "memorizes"
  ],
  "memorising": [
    "memorizing"
  ],
  "mesmerise": [
    "mesmerize"
  ],
  "mesmerised": [
    "mesmerized"
  ],
  "mesmerises": [
    "mesmerizes"
  ],
  "mesmerising": [
    "mesmerizing"
  ],
  "metabolise": [
    "metabolize"
  ],
  "metabolised": [
    "metabolized"
  ],
  "metabolises": [
    "metabolizes"
  ],
  "metabolising": [
    "metabolizing"
  ],
  "militarise": [
    "militarize"
  ],
  "militarised": [
    "militarized"
  ],
  "militarises": [
    "militarizes"
  ],
  "militarising": [
    "militarizing"
  ],
  "millilitre": [
    "milliliter"
  ],
  "millilitres": [
    "milliliters"
  ],
  "millimetre": [
    "millimeter"
  ],
  "millimetres": [
    "millimeters"
  ],
  "miniaturisation": [
    "miniaturization"
  ],
  "miniaturise": [
    "miniaturize"
  ],
  "miniaturised": [
    "miniaturized"
  ],
  "miniaturises": [
    "miniaturizes"
  ],
  "miniaturising": [
    "miniaturizing"
  ],
  "minimise": [
    "minimize"
  ],
  "minimised": [
    "minimized"
  ],
  "minimises": [
    "minimizes"
  ],
  "minimising": [
    "minimizing"
  ],
  "misbehaviour": [
    "misbehavior"
  ],
  "miscatalogued": [
    "miscataloged"
  ],
  "misdemeanour": [
    "misdemeanor"
  ],
  "misdemeanours": [
    "misdemeanors"
  ],
  "mitre": [
    "miter"
  ],
  "mitres": [
    "miters"
  ],
  "mobilisation": [
    "mobilization"
  ],
  "mobilise": [
    "mobilize"
  ],
  "mobilised": [
    "mobilized"
  ],
  "mobilises": [
    "mobilizes"
  ],
  "mobilising": [
    "mobilizing"
  ],
  "modelled": [
    "modeled"
  ],
  "modeller": [
    "modeler"
  ],
  "modellers": [
    "modelers"
  ],
  "modelling": [
    "modeling"
  ],
  "modernise": [
    "modernize"
  ],
  "modernised": [
    "modernized"
  ],
  "modernises": [
    "modernizes"
  ],
  "modernising": [
    "modernizing"
  ],
  "moisturise": [
    "moisturize"
  ],
  "moisturised": [
    "moisturized"
  ],
  "moisturiser": [
    "moisturizer"
  ],
  "moisturisers": [
    "moisturizers"
  ],
  "moisturises": [
    "moisturizes"
  ],
  "moisturising": [
    "moisturizing"
  ],
  "monopolisation": [
    "monopolization"
  ],
  "monopolise": [
    "monopolize"
  ],
  "monopolised": [
    "monopolized"
  ],
  "monopolises": [
    "monopolizes"
  ],
  "monopolising": [
    "monopolizing"
  ],
  "moralise": [
    "moralize"
  ],
  "moralised": [
    "moralized"
  ],
  "moralises": [
    "moralizes"
  ],
  "moralising": [
    "moralizing"
  ],
  "motorised": [
    "motorized"
  ],
  "mould": [
    "mold"
  ],
  "moulded": [
    "molded"
  ],
  "moulder": [
    "molder"
  ],
  "mouldered": [
    "moldered"
  ],
  "mouldering": [
    "moldering"
  ],
  "moulders": [
    "molders"
  ],
  "mouldier": [
    "moldier"
  ],
  "mouldiest": [
    "moldiest"
  ],
  "moulding": [
    "molding"
  ],
  "mouldings": [
    "moldings"
  ],
  "moulds": [
    "molds"
  ],
  "mouldy": [
    "moldy"
  ],
  "moult": [
    "molt"
  ],
  "moulted": [
    "molted"
  ],
  "moulting": [
    "molting"
  ],
  "moults": [
    "molts"
  ],
  "moustache": [
    "mustache"
  ],
  "moustached": [
    "mustached"
  ],
  "moustaches": [
    "mustaches"
  ],
  "multicoloured": [
    "multicolored"
  ],
  "nationalisation": [
    "nationalization"
  ],
  "nationalisations": [
    "nationalizations"
  ],
  "nationalise": [
    "nationalize"
  ],
  "nationalised": [
    "nationalized"
  ],
  "nationalises": [
    "nationalizes"
  ],
  "nationalising": [
    "nationalizing"
  ],
  "naturalisation": [
    "naturalization"
  ],
  "naturalise": [
    "naturalize"
  ],
  "naturalised": [
    "naturalized"
  ],
  "naturalises": [
    "naturalizes"
  ],
  "naturalising": [
    "naturalizing"
  ],
  "neighbour": [
    "neighbor"
  ],
  "neighbourhood": [
    "neighborhood"
  ],
  "neighbourhoods": [
    "neighborhoods"
  ],
  "neighbouring": [
    "neighboring"
  ],
  "neighbourliness": [
    "neighborliness"
  ],
  "neighbourly": [
    "neighborly"
  ],
  "neighbours": [
    "neighbors"
  ],
  "neutralisation": [
    "neutralization"
  ],
  "neutralise": [
    "neutralize"
  ],
  "neutralised": [
    "neutralized"
  ],
  "neutralises": [
    "neutralizes"
  ],
  "neutralising": [
    "neutralizing"
  ],
  "normalisation": [
    "normalization"
  ],
  "normalise": [
    "normalize"
  ],
  "normalised": [
    "normalized"
  ],
  "normalises": [
    "normalizes"
  ],
  "normalising": [
    "normalizing"
  ],
  "odour": [
    "odor"
  ],
  "odourless": [
    "odorless"
  ],
  "odours": [
    "odors"
  ],
  "oesophaguses": [
    "esophaguses"
  ],
  "oestrogen": [
    "estrogen"
  ],
  "offence": [
    "offense"
  ],
  "offences": [
    "offenses"
  ],
  "optimise": [
    "optimize"
  ],
  "optimised": [
    "optimized"
  ],
  "optimises": [
    "optimizes"
  ],
  "optimising": [
    "optimizing"
  ],
  "organisation": [
    "organization"
  ],
  "organisational": [
    "organizational"
  ],
  "organisations": [
    "organizations"
  ],
  "organise": [
    "organize"
  ],
  "organised": [
    "organized"
  ],
  "organiser": [
    "organizer"
  ],
  "organisers": [
    "organizers"
  ],
  "organises": [
    "organizes"
  ],
  "organising": [
    "organizing"
  ],
  "orthopaedic": [
    "orthopedic"
  ],
  "orthopaedics": [
    "orthopedics"
  ],
  "ostracise": [
    "ostracize"
  ],
  "ostracised": [
    "ostracized"
  ],
  "ostracises": [
    "ostracizes"
  ],
  "ostracising": [
    "ostracizing"
  ],
  "outmanoeuvre": [
    "outmaneuver"
  ],
  "outmanoeuvred": [
    "outmaneuvered"
  ],
  "outmanoeuvres": [
    "outmaneuvers"
  ],
  "outmanoeuvring": [
    "outmaneuvering"
  ],
  "overemphasise": [
    "overemphasize"
  ],
  "overemphasised": [
    "overemphasized"
  ],
  "overemphasises": [
    "overemphasizes"
  ],
  "overemphasising": [
    "overemphasizing"
  ],
  "oxidisation": [
    "oxidization"
  ],
  "oxidise": [
    "oxidize"
  ],
  "oxidised": [
    "oxidized"
  ],
  "oxidises": [
    "oxidizes"
  ],
  "oxidising": [
    "oxidizing"
  ],
  "paediatrician": [
    "pediatrician"
  ],
  "paediatricians": [
    "pediatricians"
  ],
  "paedophile": [
    "pedophile"
  ],
  "paedophiles": [
    "pedophiles"
  ],
  "paedophilia": [
    "pedophilia"
  ],
  "palaeontologist": [
    "paleontologist"
  ],
  "palaeontologists": [
    "paleontologists"
  ],
  "palaeontology": [
    "paleontology"
  ],
  "panelled": [
    "paneled"
  ],
  "panelling": [
    "paneling"
  ],
  "panellist": [
    "panelist"
  ],
  "panellists": [
    "panelists"
  ],
  "paralyse": [
    "paralyze"
  ],
  "paralysed": [
    "paralyzed"
  ],
  "paralyses": [
    "paralyzes"
  ],
  "paralysing": [
    "paralyzing"
  ],
  "parcelled": [
    "parceled"
  ],
  "parcelling": [
    "parceling"
  ],
  "parlour": [
    "parlor"
  ],
  "parlours": [
    "parlors"
  ],
  "particularise": [
    "particularize"
  ],
  "particularised": [
    "particularized"
  ],
  "particularises": [
    "particularizes"
  ],
  "particularising": [
    "particularizing"
  ],
  "passivisation": [
    "passivization"
  ],
  "pasteurisation": [
    "pasteurization"
  ],
  "pasteurise": [
    "pasteurize"
  ],
  "pasteurised": [
    "pasteurized"
  ],
  "pasteurises": [
    "pasteurizes"
  ],
  "pasteurising": [
    "pasteurizing"
  ],
  "patronise": [
    "patronize"
  ],
  "patronised": [
    "patronized"
  ],
  "patronises": [
    "patronizes"
  ],
  "patronising": [
    "patronizing"
  ],
  "patronisingly": [
    "patronizingly"
  ],
  "pedalled": [
    "pedaled"
  ],
  "pedalling": [
    "pedaling"
  ],
  "pedestrianisation": [
    "pedestrianization"
  ],
  "pedestrianise": [
    "pedestrianize"
  ],
  "pedestrianised": [
    "pedestrianized"
  ],
  "pedestrianises": [
    "pedestrianizes"
  ],
  "pedestrianising": [
    "pedestrianizing"
  ],
  "penalise": [
    "penalize"
  ],
  "penalised": [
    "penalized"
  ],
  "penalises": [
    "penalizes"
  ],
  "penalising": [
    "penalizing"
  ],
  "pencilled": [
    "penciled"
  ],
  "pencilling": [
    "penciling"
  ],
  "personalise": [
    "personalize"
  ],
  "personalised": [
    "personalized"
  ],
  "personalises": [
    "personalizes"
  ],
  "personalising": [
    "personalizing"
  ],
  "philosophise": [
    "philosophize"
  ],
  "philosophised": [
    "philosophized"
  ],
  "philosophises": [
    "philosophizes"
  ],
  "philosophising": [
    "philosophizing"
  ],
  "plagiarise": [
    "plagiarize"
  ],
  "plagiarised": [
    "plagiarized"
  ],
  "plagiarises": [
    "plagiarizes"
  ],
  "plagiarising": [
    "plagiarizing"
  ],
  "plough": [
    "plow"
  ],
  "ploughed": [
    "plowed"
  ],
  "ploughing": [
    "plowing"
  ],
  "ploughman": [
    "plowman"
  ],
  "ploughmen": [
    "plowmen"
  ],
  "ploughs": [
    "plows"
  ],
  "ploughshare": [
    "plowshare"
  ],
  "ploughshares": [
    "plowshares"
  ],
  "polarisation": [
    "polarization"
  ],
  "polarise": [
    "polarize"
  ],
  "polarised": [
    "polarized"
  ],
  "polarises": [
    "polarizes"
  ],
  "polarising": [
    "polarizing"
  ],
  "politicisation": [
    "politicization"
  ],
  "politicise": [
    "politicize"
  ],
  "politicised": [
    "politicized"
  ],
  "politicises": [
    "politicizes"
  ],
  "politicising": [
    "politicizing"
  ],
  "popularisation": [
    "popularization"
  ],
  "popularise": [
    "popularize"
  ],
  "popularised": [
    "popularized"
  ],
  "popularises": [
    "popularizes"
  ],
  "popularising": [
    "popularizing"
  ],
  "practised": [
    "practiced"
  ],
  "pressurisation": [
    "pressurization"
  ],
  "pressurised": [
    "pressurized"
  ],
  "pressurises": [
    "pressurizes"
  ],
  "pressurising": [
    "pressurizing"
  ],
  "pretence": [
    "pretense"
  ],
  "pretences": [
    "pretenses"
  ],
  "prioritisation": [
    "prioritization"
  ],
  "prioritise": [
    "prioritize"
  ],
  "prioritised": [
    "prioritized"
  ],
  "prioritises": [
    "prioritizes"
  ],
  "prioritising": [
    "prioritizing"
  ],
  "privatisation": [
    "privatization"
  ],
  "privatisations": [
    "privatizations"
  ],
  "privatise": [
    "privatize"
  ],
  "privatised": [
    "privatized"
  ],
  "privatises": [
    "privatizes"
  ],
  "privatising": [
    "privatizing"
  ],
  "professionalisation": [
    "professionalization"
  ],
  "professionalise": [
    "professionalize"
  ],
  "professionalised": [
    "professionalized"
  ],
  "professionalises": [
    "professionalizes"
  ],
  "professionalising": [
    "professionalizing"
  ],
  "propagandise": [
    "propagandize"
  ],
  "propagandised": [
    "propagandized"
  ],
  "propagandises": [
    "propagandizes"
  ],
  "propagandising": [
    "propagandizing"
  ],
  "proselytise": [
    "proselytize"
  ],
  "proselytised": [
    "proselytized"
  ],
  "proselytiser": [
    "proselytizer"
  ],
  "proselytisers": [
    "proselytizers"
  ],
  "proselytises": [
    "proselytizes"
  ],
  "proselytising": [
    "proselytizing"
  ],
  "psychoanalyse": [
    "psychoanalyze"
  ],
  "psychoanalysed": [
    "psychoanalyzed"
  ],
  "psychoanalyses": [
    "psychoanalyzes"
  ],
  "psychoanalysing": [
    "psychoanalyzing"
  ],
  "publicise": [
    "publicize"
  ],
  "publicised": [
    "publicized"
  ],
  "publicises": [
    "publicizes"
  ],
  "publicising": [
    "publicizing"
  ],
  "pulverisation": [
    "pulverization"
  ],
  "pulverise": [
    "pulverize"
  ],
  "pulverised": [
    "pulverized"
  ],
  "pulverises": [
    "pulverizes"
  ],
  "pulverising": [
    "pulverizing"
  ],
  "pummelling": [
    "pummeled"
  ],
  "pyjama": [
    "pajama"
  ],
  "pyjamas": [
    "pajamas"
  ],
  "quarrelled": [
    "quarreled"
  ],
  "quarrelling": [
    "quarreling"
  ],
  "radicalise": [
    "radicalize"
  ],
  "radicalised": [
    "radicalized"
  ],
  "radicalises": [
    "radicalizes"
  ],
  "radicalising": [
    "radicalizing"
  ],
  "rancour": [
    "rancor"
  ],
  "randomise": [
    "randomize"
  ],
  "randomised": [
    "randomized"
  ],
  "randomises": [
    "randomizes"
  ],
  "randomising": [
    "randomizing"
  ],
  "rationalisation": [
    "rationalization"
  ],
  "rationalisations": [
    "rationalizations"
  ],
  "rationalise": [
    "rationalize"
  ],
  "rationalised": [
    "rationalized"
  ],
  "rationalises": [
    "rationalizes"
  ],
  "rationalising": [
    "rationalizing"
  ],
  "ravelling": [
    "raveling"
  ],
  "realisable": [
    "realizable"
  ],
  "realisation": [
    "realization"
  ],
  "realisations": [
    "realizations"
  ],
  "realise": [
    "realize"
  ],
  "realised": [
    "realized"
  ],
  "realises": [
    "realizes"
  ],
  "realising": [
    "realizing"
  ],
  "recognisable": [
    "recognizable"
  ],
  "recognisably": [
    "recognizably"
  ],
  "recognisance": [
    "recognizance"
  ],
  "recognise": [
    "recognize"
  ],
  "recognised": [
    "recognized"
  ],
  "recognises": [
    "recognizes"
  ],
  "recognising": [
    "recognizing"
  ],
  "reconnoitre": [
    "reconnoiter"
  ],
  "reconnoitred": [
    "reconnoitered"
  ],
  "reconnoitres": [
    "reconnoiters"
  ],
  "reconnoitring": [
    "reconnoitering"
  ],
  "refuelled": [
    "refueled"
  ],
  "refuelling": [
    "refueling"
  ],
  "regularisation": [
    "regularization"
  ],
  "regularise": [
    "regularize"
  ],
  "regularised": [
    "regularized"
  ],
  "regularises": [
    "regularizes"
  ],
  "regularising": [
    "regularizing"
  ],
  "remodelled": [
    "remodeled"
  ],
  "remodelling": [
    "remodeling"
  ],
  "remould": [
    "remold"
  ],
  "remoulded": [
    "remolded"
  ],
  "remoulding": [
    "remolding"
  ],
  "remoulds": [
    "remolds"
  ],
  "reorganisation": [
    "reorganization"
  ],
  "reorganisations": [
    "reorganizations"
  ],
  "reorganise": [
    "reorganize"
  ],
  "reorganised": [
    "reorganized"
  ],
  "reorganises": [
    "reorganizes"
  ],
  "reorganising": [
    "reorganizing"
  ],
  "revelled": [
    "reveled"
  ],
  "reveller": [
    "reveler"
  ],
  "revellers": [
    "revelers"
  ],
  "revelling": [
    "reveling"
  ],
  "revitalise": [
    "revitalize"
  ],
  "revitalised": [
    "revitalized"
  ],
  "revitalises": [
    "revitalizes"
  ],
  "revitalising": [
    "revitalizing"
  ],
  "revolutionise": [
    "revolutionize"
  ],
  "revolutionised": [
    "revolutionized"
  ],
  "revolutionises": [
    "revolutionizes"
  ],
  "revolutionising": [
    "revolutionizing"
  ],
  "rhapsodise": [
    "rhapsodize"
  ],
  "rhapsodised": [
    "rhapsodized"
  ],
  "rhapsodises": [
    "rhapsodizes"
  ],
  "rhapsodising": [
    "rhapsodizing"
  ],
  "rigour": [
    "rigor"
  ],
  "rigours": [
    "rigors"
  ],
  "ritualised": [
    "ritualized"
  ],
  "rivalled": [
    "rivaled"
  ],
  "rivalling": [
    "rivaling"
  ],
  "romanticise": [
    "romanticize"
  ],
  "romanticised": [
    "romanticized"
  ],
  "romanticises": [
    "romanticizes"
  ],
  "romanticising": [
    "romanticizing"
  ],
  "rumour": [
    "rumor"
  ],
  "rumoured": [
    "rumored"
  ],
  "rumours": [
    "rumors"
  ],
  "saltpetre": [
    "saltpeter"
  ],
  "sanitise": [
    "sanitize"
  ],
  "sanitised": [
    "sanitized"
  ],
  "sanitises": [
    "sanitizes"
  ],
  "sanitising": [
    "sanitizing"
  ],
  "satirise": [
    "satirize"
  ],
  "satirised": [
    "satirized"
  ],
  "satirises": [
    "satirizes"
  ],
  "satirising": [
    "satirizing"
  ],
  "saviours": [
    "saviors"
  ],
  "savour": [
    "savor"
  ],
  "savoured": [
    "savored"
  ],
  "savouries": [
    "savories"
  ],
  "savouring": [
    "savoring"
  ],
  "savours": [
    "savors"
  ],
  "savoury": [
    "savory"
  ],
  "scandalise": [
    "scandalize"
  ],
  "scandalised": [
    "scandalized"
  ],
  "scandalises": [
    "scandalizes"
  ],
  "scandalising": [
    "scandalizing"
  ],
  "sceptic": [
    "skeptic"
  ],
  "sceptical": [
    "skeptical"
  ],
  "sceptically": [
    "skeptically"
  ],
  "scepticism": [
    "skepticism"
  ],
  "sceptics": [
    "skeptics"
  ],
  "sceptre": [
    "scepter"
  ],
  "sceptres": [
    "scepters"
  ],
  "scrutinise": [
    "scrutinize"
  ],
  "scrutinised": [
    "scrutinized"
  ],
  "scrutinises": [
    "scrutinizes"
  ],
  "scrutinising": [
    "scrutinizing"
  ],
  "secularisation": [
    "secularization"
  ],
  "secularise": [
    "secularize"
  ],
  "secularised": [
    "secularized"
  ],
  "secularises": [
    "secularizes"
  ],
  "secularising": [
    "secularizing"
  ],
  "sensationalise": [
    "sensationalize"
  ],
  "sensationalised": [
    "sensationalized"
  ],
  "sensationalises": [
    "sensationalizes"
  ],
  "sensationalising": [
    "sensationalizing"
  ],
  "sensitise": [
    "sensitize"
  ],
  "sensitised": [
    "sensitized"
  ],
  "sensitises": [
    "sensitizes"
  ],
  "sensitising": [
    "sensitizing"
  ],
  "sentimentalise": [
    "sentimentalize"
  ],
  "sentimentalised": [
    "sentimentalized"
  ],
  "sentimentalises": [
    "sentimentalizes"
  ],
  "sentimentalising": [
    "sentimentalizing"
  ],
  "sepulchre": [
    "sepulcher"
  ],
  "sepulchres": [
    "sepulchers"
  ],
  "serialisation": [
    "serialization"
  ],
  "serialisations": [
    "serializations"
  ],
  "serialise": [
    "serialize"
  ],
  "serialised": [
    "serialized"
  ],
  "serialises": [
    "serializes"
  ],
  "serialising": [
    "serializing"
  ],
  "sermonise": [
    "sermonize"
  ],
  "sermonised": [
    "sermonized"
  ],
  "sermonises": [
    "sermonizes"
  ],
  "sermonising": [
    "sermonizing"
  ],
  "shovelled": [
    "shoveled"
  ],
  "shovelling": [
    "shoveling"
  ],
  "shrivelled": [
    "shriveled"
  ],
  "shrivelling": [
    "shriveling"
  ],
  "signalise": [
    "signalize"
  ],
  "signalised": [
    "signalized"
  ],
  "signalises": [
    "signalizes"
  ],
  "signalising": [
    "signalizing"
  ],
  "signalled": [
    "signaled"
  ],
  "signalling": [
    "signaling"
  ],
  "snivelled": [
    "sniveled"
  ],
  "snivelling": [
    "sniveling"
  ],
  "snorkelled": [
    "snorkeled"
  ],
  "socialisation": [
    "socialization"
  ],
  "socialise": [
    "socialize"
  ],
  "socialised": [
    "socialized"
  ],
  "socialises": [
    "socializes"
  ],
  "socialising": [
    "socializing"
  ],
  "sodomise": [
    "sodomize"
  ],
  "sodomised": [
    "sodomized"
  ],
  "sodomises": [
    "sodomizes"
  ],
  "sodomising": [
    "sodomizing"
  ],
  "solemnise": [
    "solemnize"
  ],
  "solemnised": [
    "solemnized"
  ],
  "solemnises": [
    "solemnizes"
  ],
  "solemnising": [
    "solemnizing"
  ],
  "specialisation": [
    "specialization"
  ],
  "specialisations": [
    "specializations"
  ],
  "specialise": [
    "specialize"
  ],
  "specialised": [
    "specialized"
  ],
  "specialises": [
    "specializes"
  ],
  "spectre": [
    "specter"
  ],
  "spectres": [
    "specters"
  ],
  "spiralled": [
    "spiraled"
  ],
  "spiralling": [
    "spiraling"
  ],
  "splendour": [
    "splendor"
  ],
  "splendours": [
    "splendors"
  ],
  "squirrelled": [
    "squirreled"
  ],
  "squirrelling": [
    "squirreling"
  ],
  "stabilise": [
    "stabilize"
  ],
  "stabilised": [
    "stabilized"
  ],
  "stabiliser": [
    "stabilizer"
  ],
  "stabilisers": [
    "stabilizers"
  ],
  "stabilises": [
    "stabilizes"
  ],
  "stabilising": [
    "stabilizing"
  ],
  "standardisation": [
    "standardization"
  ],
  "standardise": [
    "standardize"
  ],
  "standardised": [
    "standardized"
  ],
  "standardises": [
    "standardizes"
  ],
  "standardising": [
    "standardizing"
  ],
  "stencilled": [
    "stenciled"
  ],
  "stencilling": [
    "stenciling"
  ],
  "sterilisation": [
    "sterilization"
  ],
  "sterilisations": [
    "sterilizations"
  ],
  "sterilise": [
    "sterilize"
  ],
  "sterilised": [
    "sterilized"
  ],
  "steriliser": [
    "sterilizer"
  ],
  "sterilisers": [
    "sterilizers"
  ],
  "sterilises": [
    "sterilizes"
  ],
  "sterilising": [
    "sterilizing"
  ],
  "stigmatisation": [
    "stigmatization"
  ],
  "stigmatise": [
    "stigmatize"
  ],
  "stigmatised": [
    "stigmatized"
  ],
  "stigmatises": [
    "stigmatizes"
  ],
  "stigmatising": [
    "stigmatizing"
  ],
  "subsidisation": [
    "subsidization"
  ],
  "subsidise": [
    "subsidize"
  ],
  "subsidised": [
    "subsidized"
  ],
  "subsidiser": [
    "subsidizer"
  ],
  "subsidisers": [
    "subsidizers"
  ],
  "subsidises": [
    "subsidizes"
  ],
  "subsidising": [
    "subsidizing"
  ],
  "succour": [
    "succor"
  ],
  "succoured": [
    "succored"
  ],
  "succouring": [
    "succoring"
  ],
  "succours": [
    "succors"
  ],
  "sulphate": [
    "sulfate"
  ],
  "sulphates": [
    "sulfates"
  ],
  "sulphide": [
    "sulfide"
  ],
  "sulphides": [
    "sulfides"
  ],
  "sulphurous": [
    "sulfurous"
  ],
  "summarise": [
    "summarize"
  ],
  "summarised": [
    "summarized"
  ],
  "summarises": [
    "summarizes"
  ],
  "summarising": [
    "summarizing"
  ],
  "swivelled": [
    "swiveled"
  ],
  "swivelling": [
    "swiveling"
  ],
  "symbolise": [
    "symbolize"
  ],
  "symbolised": [
    "symbolized"
  ],
  "symbolises": [
    "symbolizes"
  ],
  "symbolising": [
    "symbolizing"
  ],
  "sympathise": [
    "sympathize"
  ],
  "sympathised": [
    "sympathized"
  ],
  "sympathiser": [
    "sympathizer"
  ],
  "sympathisers": [
    "sympathizers"
  ],
  "sympathises": [
    "sympathizes"
  ],
  "sympathising": [
    "sympathizing"
  ],
  "synchronisation": [
    "synchronization"
  ],
  "synchronise": [
    "synchronize"
  ],
  "synchronised": [
    "synchronized"
  ],
  "synchronises": [
    "synchronizes"
  ],
  "synchronising": [
    "synchronizing"
  ],
  "synthesised": [
    "synthesized"
  ],
  "synthesises": [
    "synthesizes"
  ],
  "synthesising": [
    "synthesizing"
  ],
  "systematisation": [
    "systematization"
  ],
  "systematise": [
    "systematize"
  ],
  "systematised": [
    "systematized"
  ],
  "systematises": [
    "systematizes"
  ],
  "systematising": [
    "systematizing"
  ],
  "tantalise": [
    "tantalize"
  ],
  "tantalised": [
    "tantalized"
  ],
  "tantalises": [
    "tantalizes"
  ],
  "tantalising": [
    "tantalizing"
  ],
  "tantalisingly": [
    "tantalizingly"
  ],
  "tasselled": [
    "tasseled"
  ],
  "temporise": [
    "temporize"
  ],
  "temporised": [
    "temporized"
  ],
  "temporises": [
    "temporizes"
  ],
  "temporising": [
    "temporizing"
  ],
  "tenderise": [
    "tenderize"
  ],
  "tenderised": [
    "tenderized"
  ],
  "tenderises": [
    "tenderizes"
  ],
  "tenderising": [
    "tenderizing"
  ],
  "terrorise": [
    "terrorize"
  ],
  "terrorised": [
    "terrorized"
  ],
  "terrorises": [
    "terrorizes"
  ],
  "terrorising": [
    "terrorizing"
  ],
  "theatre": [
    "theater"
  ],
  "theatregoer": [
    "theatergoer"
  ],
  "theatregoers": [
    "theatergoers"
  ],
  "theatres": [
    "theaters"
  ],
  "theorise": [
    "theorize"
  ],
  "theorised": [
    "theorized"
  ],
  "theorises": [
    "theorizes"
  ],
  "theorising": [
    "theorizing"
  ],
  "towelled": [
    "toweled"
  ],
  "towelling": [
    "toweling"
  ],
  "toxaemia": [
    "toxemia"
  ],
  "transistorised": [
    "transistorized"
  ],
  "traumatise": [
    "traumatize"
  ],
  "traumatised": [
    "traumatized"
  ],
  "traumatises": [
    "traumatizes"
  ],
  "traumatising": [
    "traumatizing"
  ],
  "traveller": [
    "traveler"
  ],
  "travellers": [
    "travelers"
  ],
  "travelling": [
    "traveling"
  ],
  "trialled": [
    "trialed"
  ],
  "trialling": [
    "trialing"
  ],
  "tricolour": [
    "tricolor"
  ],
  "tricolours": [
    "tricolors"
  ],
  "trivialise": [
    "trivialize"
  ],
  "trivialised": [
    "trivialized"
  ],
  "trivialises": [
    "trivializes"
  ],
  "trivialising": [
    "trivializing"
  ],
  "tumours": [
    "tumors"
  ],
  "tunnelled": [
    "tunneled"
  ],
  "tunnelling": [
    "tunneling"
  ],
  "tyrannise": [
    "tyrannize"
  ],
  "tyrannised": [
    "tyrannized"
  ],
  "tyrannises": [
    "tyrannizes"
  ],
  "tyrannising": [
    "tyrannizing"
  ],
  "unauthorised": [
    "unauthorized"
  ],
  "uncatalogued": [
    "uncataloged"
  ],
  "uncivilised": [
    "uncivilized"
  ],
  "underutilised": [
    "underutilized"
  ],
  "unequalled": [
    "unequaled"
  ],
  "unfavourable": [
    "unfavorable"
  ],
  "unfavourably": [
    "unfavorably"
  ],
  "unionisation": [
    "unionization"
  ],
  "unionise": [
    "unionize"
  ],
  "unionised": [
    "unionized"
  ],
  "unionises": [
    "unionizes"
  ],
  "unionising": [
    "unionizing"
  ],
  "unorganised": [
    "unorganized"
  ],
  "unravelled": [
    "unraveled"
  ],
  "unravelling": [
    "unraveling"
  ],
  "unrecognisable": [
    "unrecognizable"
  ],
  "unrecognised": [
    "unrecognized"
  ],
  "unrivalled": [
    "unrivaled"
  ],
  "unsavoury": [
    "unsavory"
  ],
  "untrammelled": [
    "untrammeled"
  ],
  "urbanisation": [
    "urbanization"
  ],
  "urbanise": [
    "urbanize"
  ],
  "urbanised": [
    "urbanized"
  ],
  "urbanises": [
    "urbanizes"
  ],
  "urbanising": [
    "urbanizing"
  ],
  "utilisable": [
    "utilizable"
  ],
  "utilisation": [
    "utilization"
  ],
  "utilise": [
    "utilize"
  ],
  "utilised": [
    "utilized"
  ],
  "utilises": [
    "utilizes"
  ],
  "utilising": [
    "utilizing"
  ],
  "valour": [
    "valor"
  ],
  "vandalise": [
    "vandalize"
  ],
  "vandalised": [
    "vandalized"
  ],
  "vandalises": [
    "vandalizes"
  ],
  "vandalising": [
    "vandalizing"
  ],
  "vaporisation": [
    "vaporization"
  ],
  "vaporise": [
    "vaporize"
  ],
  "vaporised": [
    "vaporized"
  ],
  "vaporises": [
    "vaporizes"
  ],
  "vaporising": [
    "vaporizing"
  ],
  "vapour": [
    "vapor"
  ],
  "vapours": [
    "vapors"
  ],
  "verbalise": [
    "verbalize"
  ],
  "verbalised": [
    "verbalized"
  ],
  "verbalises": [
    "verbalizes"
  ],
  "verbalising": [
    "verbalizing"
  ],
  "victimisation": [
    "victimization"
  ],
  "victimise": [
    "victimize"
  ],
  "victimised": [
    "victimized"
  ],
  "victimises": [
    "victimizes"
  ],
  "victimising": [
    "victimizing"
  ],
  "vigour": [
    "vigor"
  ],
  "visualisation": [
    "visualization"
  ],
  "visualisations": [
    "visualizations"
  ],
  "visualise": [
    "visualize"
  ],
  "visualised": [
    "visualized"
  ],
  "visualises": [
    "visualizes"
  ],
  "visualising": [
    "visualizing"
  ],
  "vocalisation": [
    "vocalization"
  ],
  "vocalisations": [
    "vocalizations"
  ],
  "vocalise": [
    "vocalize"
  ],
  "vocalised": [
    "vocalized"
  ],
  "vocalises": [
    "vocalizes"
  ],
  "vocalising": [
    "vocalizing"
  ],
  "vulcanised": [
    "vulcanized"
  ],
  "vulgarisation": [
    "vulgarization"
  ],
  "vulgarise": [
    "vulgarize"
  ],
  "vulgarised": [
    "vulgarized"
  ],
  "vulgarises": [
    "vulgarizes"
  ],
  "vulgarising": [
    "vulgarizing"
  ],
  "watercolour": [
    "watercolor"
  ],
  "watercolours": [
    "watercolors"
  ],
  "weaselled": [
    "weaseled"
  ],
  "weaselling": [
    "weaseling"
  ],
  "westernisation": [
    "westernization"
  ],
  "westernise": [
    "westernize"
  ],
  "westernised": [
    "westernized"
  ],
  "westernises": [
    "westernizes"
  ],
  "westernising": [
    "westernizing"
  ],
  "womanise": [
    "womanize"
  ],
  "womanised": [
    "womanized"
  ],
  "womaniser": [
    "womanizer"
  ],
  "womanisers": [
    "womanizers"
  ],
  "womanises": [
    "womanizes"
  ],
  "womanising": [
    "womanizing"
  ],
  "worshipped": [
    "worshiped"
  ],
  "worshipper": [
    "worshiper"
  ],
  "worshipping": [
    "worshiping"
  ],
  "yodelled": [
    "yodeled"
  ],
  "yodelling": [
    "yodeling"
  ]
}
