{
  "MinorVersionToConfig": {
    "latest": {
      "TargetVersion": "v2.2.1"
    },
    "v1.10": {
      "Error": "golangci-lint version 'v1.10' isn't supported: we support only v2.0.0 and later versions"
    },
    "v1.11": {
      "Error": "golangci-lint version 'v1.11' isn't supported: we support only v2.0.0 and later versions"
    },
    "v1.12": {
      "Error": "golangci-lint version 'v1.12' isn't supported: we support only v2.0.0 and later versions"
    },
    "v1.13": {
      "Error": "golangci-lint version 'v1.13' isn't supported: we support only v2.0.0 and later versions"
    },
    "v1.14": {
      "Error": "golangci-lint version 'v1.14' isn't supported: we support only v2.0.0 and later versions"
    },
    "v1.15": {
      "Error": "golangci-lint version 'v1.15' isn't supported: we support only v2.0.0 and later versions"
    },
    "v1.16": {
      "Error": "golangci-lint version 'v1.16' isn't supported: we support only v2.0.0 and later versions"
    },
    "v1.17": {
      "Error": "golangci-lint version 'v1.17' isn't supported: we support only v2.0.0 and later versions"
    },
    "v1.18": {
      "Error": "golangci-lint version 'v1.18' isn't supported: we support only v2.0.0 and later versions"
    },
    "v1.19": {
      "Error": "golangci-lint version 'v1.19' isn't supported: we support only v2.0.0 and later versions"
    },
    "v1.20": {
      "Error": "golangci-lint version 'v1.20' isn't supported: we support only v2.0.0 and later versions"
    },
    "v1.21": {
      "Error": "golangci-lint version 'v1.21' isn't supported: we support only v2.0.0 and later versions"
    },
    "v1.22": {
      "Error": "golangci-lint version 'v1.22' isn't supported: we support only v2.0.0 and later versions"
    },
    "v1.23": {
      "Error": "golangci-lint version 'v1.23' isn't supported: we support only v2.0.0 and later versions"
    },
    "v1.24": {
      "Error": "golangci-lint version 'v1.24' isn't supported: we support only v2.0.0 and later versions"
    },
    "v1.25": {
      "Error": "golangci-lint version 'v1.25' isn't supported: we support only v2.0.0 and later versions"
    },
    "v1.26": {
      "Error": "golangci-lint version 'v1.26' isn't supported: we support only v2.0.0 and later versions"
    },
    "v1.27": {
      "Error": "golangci-lint version 'v1.27' isn't supported: we support only v2.0.0 and later versions"
    },
    "v1.28": {
      "Error": "golangci-lint version 'v1.28' isn't supported: we support only v2.0.0 and later versions"
    },
    "v1.29": {
      "Error": "golangci-lint version 'v1.29' isn't supported: we support only v2.0.0 and later versions"
    },
    "v1.3": {
      "Error": "golangci-lint version 'v1.3' isn't supported: we support only v2.0.0 and later versions"
    },
    "v1.30": {
      "Error": "golangci-lint version 'v1.30' isn't supported: we support only v2.0.0 and later versions"
    },
    "v1.31": {
      "Error": "golangci-lint version 'v1.31' isn't supported: we support only v2.0.0 and later versions"
    },
    "v1.32": {
      "Error": "golangci-lint version 'v1.32' isn't supported: we support only v2.0.0 and later versions"
    },
    "v1.33": {
      "Error": "golangci-lint version 'v1.33' isn't supported: we support only v2.0.0 and later versions"
    },
    "v1.34": {
      "Error": "golangci-lint version 'v1.34' isn't supported: we support only v2.0.0 and later versions"
    },
    "v1.35": {
      "Error": "golangci-lint version 'v1.35' isn't supported: we support only v2.0.0 and later versions"
    },
    "v1.36": {
      "Error": "golangci-lint version 'v1.36' isn't supported: we support only v2.0.0 and later versions"
    },
    "v1.37": {
      "Error": "golangci-lint version 'v1.37' isn't supported: we support only v2.0.0 and later versions"
    },
    "v1.38": {
      "Error": "golangci-lint version 'v1.38' isn't supported: we support only v2.0.0 and later versions"
    },
    "v1.39": {
      "Error": "golangci-lint version 'v1.39' isn't supported: we support only v2.0.0 and later versions"
    },
    "v1.4": {
      "Error": "golangci-lint version 'v1.4' isn't supported: we support only v2.0.0 and later versions"
    },
    "v1.40": {
      "Error": "golangci-lint version 'v1.40' isn't supported: we support only v2.0.0 and later versions"
    },
    "v1.41": {
      "Error": "golangci-lint version 'v1.41' isn't supported: we support only v2.0.0 and later versions"
    },
    "v1.42": {
      "Error": "golangci-lint version 'v1.42' isn't supported: we support only v2.0.0 and later versions"
    },
    "v1.43": {
      "Error": "golangci-lint version 'v1.43' isn't supported: we support only v2.0.0 and later versions"
    },
    "v1.44": {
      "Error": "golangci-lint version 'v1.44' isn't supported: we support only v2.0.0 and later versions"
    },
    "v1.45": {
      "Error": "golangci-lint version 'v1.45' isn't supported: we support only v2.0.0 and later versions"
    },
    "v1.46": {
      "Error": "golangci-lint version 'v1.46' isn't supported: we support only v2.0.0 and later versions"
    },
    "v1.47": {
      "Error": "golangci-lint version 'v1.47' isn't supported: we support only v2.0.0 and later versions"
    },
    "v1.48": {
      "Error": "golangci-lint version 'v1.48' isn't supported: we support only v2.0.0 and later versions"
    },
    "v1.49": {
      "Error": "golangci-lint version 'v1.49' isn't supported: we support only v2.0.0 and later versions"
    },
    "v1.5": {
      "Error": "golangci-lint version 'v1.5' isn't supported: we support only v2.0.0 and later versions"
    },
    "v1.50": {
      "Error": "golangci-lint version 'v1.50' isn't supported: we support only v2.0.0 and later versions"
    },
    "v1.51": {
      "Error": "golangci-lint version 'v1.51' isn't supported: we support only v2.0.0 and later versions"
    },
    "v1.52": {
      "Error": "golangci-lint version 'v1.52' isn't supported: we support only v2.0.0 and later versions"
    },
    "v1.53": {
      "Error": "golangci-lint version 'v1.53' isn't supported: we support only v2.0.0 and later versions"
    },
    "v1.54": {
      "Error": "golangci-lint version 'v1.54' isn't supported: we support only v2.0.0 and later versions"
    },
    "v1.55": {
      "Error": "golangci-lint version 'v1.55' isn't supported: we support only v2.0.0 and later versions"
    },
    "v1.56": {
      "Error": "golangci-lint version 'v1.56' isn't supported: we support only v2.0.0 and later versions"
    },
    "v1.57": {
      "Error": "golangci-lint version 'v1.57' isn't supported: we support only v2.0.0 and later versions"
    },
    "v1.58": {
      "Error": "golangci-lint version 'v1.58' isn't supported: we support only v2.0.0 and later versions"
    },
    "v1.59": {
      "Error": "golangci-lint version 'v1.59' isn't supported: we support only v2.0.0 and later versions"
    },
    "v1.6": {
      "Error": "golangci-lint version 'v1.6' isn't supported: we support only v2.0.0 and later versions"
    },
    "v1.60": {
      "Error": "golangci-lint version 'v1.60' isn't supported: we support only v2.0.0 and later versions"
    },
    "v1.61": {
      "Error": "golangci-lint version 'v1.61' isn't supported: we support only v2.0.0 and later versions"
    },
    "v1.62": {
      "Error": "golangci-lint version 'v1.62' isn't supported: we support only v2.0.0 and later versions"
    },
    "v1.63": {
      "Error": "golangci-lint version 'v1.63' isn't supported: we support only v2.0.0 and later versions"
    },
    "v1.64": {
      "Error": "golangci-lint version 'v1.64' isn't supported: we support only v2.0.0 and later versions"
    },
    "v1.7": {
      "Error": "golangci-lint version 'v1.7' isn't supported: we support only v2.0.0 and later versions"
    },
    "v1.8": {
      "Error": "golangci-lint version 'v1.8' isn't supported: we support only v2.0.0 and later versions"
    },
    "v1.9": {
      "Error": "golangci-lint version 'v1.9' isn't supported: we support only v2.0.0 and later versions"
    },
    "v2.0": {
      "TargetVersion": "v2.0.2"
    },
    "v2.1": {
      "TargetVersion": "v2.1.6"
    },
    "v2.2": {
      "TargetVersion": "v2.2.1"
    }
  }
}
